Index,Name,Location,URL,Review
10000,Qutub Minar,"Mehrauli, Delhi",https://upload.wikimedia.org/wikipedia/commons/thumb/c/c0/Qutb_Minar_2011.jpg/200px-Qutb_Minar_2011.jpg,"Towering over Delhi, the red sandstone Qutub Minar is the world's tallest brick minaret and a UNESCO World Heritage Site. Built in the early 12th century, this 72.5-meter victory tower boasts five balconies, where the muezzin would call worshippers to prayer. Its architecture blends Hindu and Islamic elements, making it a must-visit in Delhi."
10001,Jantar Mantar,New Delhi,https://upload.wikimedia.org/wikipedia/commons/b/b8/Jantar_Mantar%2C_New_Delhi_%28Misra_Yantra%29.jpg,"Jantar Mantar, meaning ""instruments of harmony,"" is a 18th-century astronomical observatory in New Delhi. Built by Maharaja Jai Singh, it's one of five such observatories he commissioned. Jantar Mantar uses giant, geometric instruments to measure the movement of celestial bodies, predicting the time and tracking the stars. This fascinating site stands as a testament to India's rich scientific heritage."
10002,India Gate,New Delhi,https://upload.wikimedia.org/wikipedia/commons/thumb/0/09/India_Gate_in_New_Delhi_03-2016.jpg/1200px-India_Gate_in_New_Delhi_03-2016.jpg,"Standing tall at 42 meters, India Gate is a majestic war memorial in Delhi. Designed by Edwin Lutyens, it honors Indian soldiers who died in World War I and the Afghan Wars. Inscribed on its walls are over 13,000 names. Beneath the arch lies the ""Amar Jawan Jyoti,"" an eternal flame symbolizing the sacrifices of these fallen heroes. A central landmark and popular tourist spot, India Gate is a poignant reminder of India's military history."
10003,Taj Mahal,"Agra, Uttar Pradesh",https://upload.wikimedia.org/wikipedia/commons/thumb/1/1d/Taj_Mahal_%28Edited%29.jpeg/1200px-Taj_Mahal_%28Edited%29.jpeg,"A monument to love, the Taj Mahal isn't a fort, but a dazzling white marble mausoleum in Agra. Built by Shah Jahan in the 1600s for his beloved wife, it sits across the Yamuna River from the imposing Agra Fort, a Mughal stronghold. The Taj's symmetrical gardens, reflecting pool, and intricate details make it a masterpiece of Islamic art and a symbol of India."
10004,Agra Fort,"Agra, Uttar Pradesh",https://upload.wikimedia.org/wikipedia/commons/7/7e/Agra_03-2016_10_Agra_Fort.jpg,"A majestic Mughal marvel, Agra Fort, also known as Red Fort, overlooks the Yamuna River. Built by Emperor Akbar in the 16th century, it was the seat of Mughal power for nearly a century. Within its red sandstone walls lie palaces, mosques, and the breathtaking Pearl Mosque. A UNESCO World Heritage Site, Agra Fort stands as a testament to Mughal grandeur, just 2.5 kilometers from its famous companion, the Taj Mahal."
10005,Lotus Temple,New Delhi,https://upload.wikimedia.org/wikipedia/commons/thumb/f/fc/LotusDelhi.jpg/800px-LotusDelhi.jpg,"Blossoming in Delhi, the Lotus Temple is a Baha'i house of worship famed for its floral design. Made of white marble, its 27 petals forming nine sides create a serene atmosphere. Open to all faiths, the central hall welcomes peaceful prayer and meditation. This architectural marvel is a symbol of unity and a popular tourist destination."
10006,Gol Gumbaz,"Bijapur, Karnataka",https://upload.wikimedia.org/wikipedia/commons/thumb/0/0c/Gol_Gumbaj2.JPG/800px-Gol_Gumbaj2.JPG,"Gol Gumbaz stuns with its massive black dome, the second largest in the world! This 17th-century mausoleum boasts impressive acoustics, where a quiet whisper travels across the chamber. Explore its intricate carvings and marvel at the engineering marvel. History buffs and architecture lovers won't want to miss this gem. "
10007,Jama Masjid,New Delhi,https://upload.wikimedia.org/wikipedia/commons/a/a4/Jama_Masjid_-_In_the_Noon.jpg,"Towering above Old Delhi, Jama Masjid boasts the title of India's largest mosque. Shah Jahan, the Mughal emperor behind the Taj Mahal, commissioned its construction in the 17th century. White marble adorns its facade, while its three grand gates lead to a vast courtyard. Accommodating over 25,000 worshippers, it's a marvel of Mughal architecture and a must-see for any Delhi adventure."
10008,Humayun Tomb,New Delhi,https://upload.wikimedia.org/wikipedia/commons/d/d2/Tomb_of_Humayun%2C_Delhi.jpg,"Tucked within Humayun's Tomb complex lies the charming Isa Khan's Tomb. This octagonal red sandstone gem, built in 1547, served as the final resting place for a noble in Sher Shah Suri's court. Explore its intricate latticework screens and glazed tiles, a beautiful example of Sur Dynasty architecture. The recent restoration even unearthed India's oldest sunken garden, a fascinating glimpse into historical landscaping."
10009,Akshardham,New Delhi,https://upload.wikimedia.org/wikipedia/commons/c/c2/New_Delhi_Temple.jpg,"Delhi's Akshardham complex is a dazzling spectacle of Hindu deities, culture, and architecture. Built entirely from marble, it features a central temple adorned with intricate carvings. The complex boasts sprawling gardens, a musical fountain show, and exhibitions showcasing India's rich heritage. A peaceful haven offering spiritual and cultural immersion."
10010,Sanchi Stupa,"Sanchi, Madhya Padesh",https://upload.wikimedia.org/wikipedia/commons/thumb/9/99/Sanchi_%282%29.JPG/250px-Sanchi_%282%29.JPG,"Carved gateways and a majestic dome define the Sanchi Stupa, a Buddhist monument near Delhi. Built over 2,000 years ago, it's one of the oldest stone structures in India. The hemispherical dome enshrines relics, while intricate carvings on the gateways depict stories of Buddha's life. Walk the processional path and admire the artistry, offering a glimpse into India's rich Buddhist heritage. "
10011,Golden Temple,"Amritsar, Punjab",https://upload.wikimedia.org/wikipedia/commons/9/94/The_Golden_Temple_of_Amrithsar_7.jpg,"Amritsar's jewel, the Golden Temple, welcomes all faiths. This gilded haven sits on a pool, symbolizing spiritual purity. Walk the causeway for reflection, then enter to admire the exquisite marble and gold work. Langar, the temple's free community kitchen, serves a simple vegetarian meal to all visitors, reflecting Sikhism's emphasis on equality."
10012,Charminar,"Hyderbad, Telangana",https://upload.wikimedia.org/wikipedia/commons/thumb/5/5d/Charminar_-_May_2023.jpg/211px-Charminar_-_May_2023.jpg,"Hyderabad's crown jewel, Charminar, translates to ""four minarets."" Built in 1591, this iconic structure blends Islamic and Hindu styles. Four towering minarets grace each corner, with a mosque nestled on the top floor. A bustling marketplace surrounds the monument, offering a glimpse into local life. "
10013,Kanch Mahal,"Agra, Uttar Pradesh",https://upload.wikimedia.org/wikipedia/commons/3/39/Kanch_Mahal_Sikandara_079.jpg,"A hidden gem near Agra's famed Akbar's Tomb, Kanch Mahal showcases Mughal domestic architecture. Built between 1605-1619, this square building served as a royal residence and hunting lodge. Its name, meaning ""Glass Palace,"" hints at the extensive use of glazed tiles that likely adorned its walls"
10014,Baby Taj,"Agra, Uttar Pradesh",https://upload.wikimedia.org/wikipedia/commons/c/c9/I%27tim%C4%81d-ud-Daulah%2C_Agra.jpg,"Agra's ""Baby Taj,"" the Itmad-ud-Daulah tomb, is a jewel box of Mughal beauty. Built with white marble and intricate pietra dura inlay, it predates the Taj Mahal and is considered a draft for its grandeur. Lush gardens surround the mausoleum, creating a peaceful haven. "
10015,Statue of Unity,"Kevadia, Gujrat",https://upload.wikimedia.org/wikipedia/commons/0/07/Statue_of_Unity.jpg,"Towering over Gujarat, the Statue of Unity is the world's tallest statue, a tribute to Sardar Vallabhbhai Patel, the ""Iron Man of India."" Standing at a staggering 182 meters, it honors his role in unifying India after independence. Visitors can enjoy breathtaking views from an observation deck within the statue, commemorating Patel's legacy and India's strength. "
10016,Ajanta Caves,"Aurangabad, Maharashtra",https://upload.wikimedia.org/wikipedia/commons/thumb/c/c3/Ajanta_%2863%29.jpg/300px-Ajanta_%2863%29.jpg,"The Ajanta Caves, a UNESCO World Heritage site located in Maharashtra, India, are a marvel of ancient rock-cut architecture and artistry. Dating back to the 2nd century BCE, these 30 caves are adorned with intricate paintings and sculptures depicting Buddhist religious themes, offering a fascinating glimpse into India's rich cultural and artistic heritage. Visitors can explore these magnificent caves, each telling its own story of devotion and craftsmanship, amidst the serene surroundings of the Sahyadri hills."
10017,Ellora Caves,"Aurangabad, Maharashtra",https://upload.wikimedia.org/wikipedia/commons/thumb/8/85/Ellora_cave16_003.jpg/1200px-Ellora_cave16_003.jpg,"The Ellora Caves, also designated as a UNESCO World Heritage site, stand as a testament to India's rich cultural and religious history. Dating from the 6th to 10th centuries, this remarkable complex comprises rock-cut temples and monasteries dedicated to Hinduism, Buddhism, and Jainism, showcasing the harmonious coexistence of these diverse faiths. Visitors can marvel at the intricate carvings and architectural brilliance of these caves, which serve as a spiritual and artistic pilgrimage for people from around the world, nestled amidst the scenic landscape of Maharashtra's Western Ghats."
10018,Hampi ,Karnataka,https://www.savaari.com/blog/wp-content/uploads/2018/07/hampi.jpg,"Hampi, a UNESCO World Heritage site nestled in the heart of Karnataka, is an archaeological treasure trove that transports visitors back in time to the glorious era of the Vijayanagara Empire. Spread across a surreal landscape dotted with ancient temples, palaces, and monuments, Hampi evokes a sense of awe and wonder at the architectural and artistic achievements of its bygone rulers. From the iconic Virupaksha Temple to the majestic ruins of the Vitthala Temple complex, each structure tells a story of grandeur and resilience, making Hampi a must-visit destination for history enthusiasts and spiritual seekers alike."
10019,Mahabalipuram,Tamil Nadu,https://www.tamilnadutourism.tn.gov.in/img/pages/large-desktop/mahabalipuram-1654870108_c538505993052d39e713.webp,"Mahabalipuram, also known as Mamallapuram, is a coastal town in Tamil Nadu renowned for its UNESCO World Heritage site comprising a stunning collection of rock-cut temples and sculptures. Dating back to the 7th and 8th centuries, these architectural wonders, including the iconic Shore Temple and Arjuna's Penance, showcase the exquisite craftsmanship and artistic prowess of the Pallava dynasty. Set against the backdrop of the Bay of Bengal, Mahabalipuram's ancient monuments offer visitors a captivating journey through time, blending spirituality, history, and natural beauty in perfect harmony."
10020,Sun Temple,"konark, Odisha",https://upload.wikimedia.org/wikipedia/commons/4/47/Konarka_Temple.jpg,"The Sun Temple of Konark, a UNESCO World Heritage site located in Odisha, is a breathtaking masterpiece of ancient Indian architecture dedicated to the solar deity Surya. Constructed in the 13th century, this colossal temple complex is adorned with intricate sculptures and carvings that depict celestial beings, mythological scenes, and everyday life during the reign of the Eastern Ganga dynasty. The temple's iconic chariot-like structure, with its elaborately carved wheels and pillars, stands as a symbol of India's cultural and artistic heritage, inviting visitors to marvel at its grandeur and spiritual significance amidst the serene coastal setting of Konark."
10021,Elephant Cave,"Mumbai, Maharashtra",https://upload.wikimedia.org/wikipedia/commons/9/92/Goa_Gajah-Elephant_Cave_Entrance.jpeg,"The Elephanta Caves, situated on Elephanta Island near Mumbai, are a testament to India's ancient sculptural and architectural heritage. Dating back to the 5th to 7th centuries, these rock-cut temples dedicated to Lord Shiva feature magnificent sculptures, including the iconic Trimurti, which represents the three aspects of the Hindu god. Visitors can explore the intricately carved caves, marvel at the artistic expressions of devotion, and soak in the serene ambiance of this UNESCO World Heritage site, making it a must-visit destination for those seeking spiritual enlightenment and cultural enrichment."
10022,Gateway of India,"Mumbai, Maharashtra",https://upload.wikimedia.org/wikipedia/commons/3/3a/Mumbai_03-2016_30_Gateway_of_India.jpg,"The Gateway of India, an iconic monument situated in Mumbai, serves as a symbolic landmark that encapsulates the city's rich historical and cultural legacy. Built during the British Raj to commemorate the landing of King George V and Queen Mary in 1911, this majestic archway stands as a testament to India's colonial past and its journey towards independence. Today, the Gateway of India continues to attract millions of visitors who come to admire its architectural splendor, soak in the bustling atmosphere of the waterfront, and embark on journeys to explore the vibrant city of Mumbai and its myriad attractions."
10023,Kanheri cave,"Mumbai, Maharashtra",https://upload.wikimedia.org/wikipedia/commons/thumb/6/6d/Kanheri_Caves_prayer_hall.JPG/250px-Kanheri_Caves_prayer_hall.JPG,"The Kanheri Caves, located within the Sanjay Gandhi National Park in Mumbai, are an ancient complex of Buddhist rock-cut caves that date back to the 1st century BCE. These caves served as monastic retreats for Buddhist monks and house an array of intricately carved sculptures, stupas, and prayer halls. Visitors can explore the serene surroundings of the national park and immerse themselves in the spiritual ambiance of Kanheri, gaining insights into India's rich Buddhist heritage and the ancient traditions of meditation and enlightenment that continue to inspire seekers of truth and wisdom to this day."
10024,Lohagarh Fort,"Bharatpur, Rajasthan",https://upload.wikimedia.org/wikipedia/commons/7/7e/Lohagarh_Fort.jpg,"Lohagarh Fort, situated in the heart of Rajasthan's princely state of Bharatpur, stands as a formidable bastion of Rajput strength and resilience. Translating to ""Iron Fort"" in English, Lohagarh Fort is renowned for its impregnable defenses and strategic location, which thwarted numerous attacks by foreign invaders throughout history. Built by Maharaja Suraj Mal in the 18th century, this majestic fortress boasts sturdy ramparts, imposing gateways, and historic landmarks, offering visitors a glimpse into Rajasthan's rich martial heritage and the valorous legacy of its warrior kings."
10025,Dilwara Jain Temple,"Mount Abu, Rajasthan",https://upload.wikimedia.org/wikipedia/commons/8/81/Delwada.jpg,"The Dilwara Jain Temples, nestled amidst the lush green hills of Rajasthan's Aravalli Range, are architectural marvels renowned for their exquisite marble craftsmanship and intricate carvings. Dating back to the 11th and 13th centuries, these temples dedicated to the Jain Tirthankaras feature ornate domes, intricately carved pillars, and delicate marble latticework that reflect the zenith of Jain temple architecture. Visitors can marvel at the beauty of these sacred shrines, which serve as a testament to Jainism's rich cultural heritage and its enduring legacy of non-violence and spiritual enlightenment."
10026,Hawa Mahal,"Jaipur, Rajasthan",https://upload.wikimedia.org/wikipedia/commons/4/41/East_facade_Hawa_Mahal_Jaipur_from_ground_level_%28July_2022%29_-_img_01.jpg,"Hawa Mahal, or the ""Palace of Winds,"" is an iconic architectural marvel located in the heart of Jaipur, the capital city of Rajasthan. Built in 1799 by Maharaja Sawai Pratap Singh, this unique five-story palace is adorned with intricately latticed windows (jharokhas) that allow cool air to circulate, providing respite from the scorching desert heat. With its honeycomb facade and elegant design, Hawa Mahal stands as a symbol of Jaipur's rich cultural heritage and architectural splendor, offering visitors a glimpse into the opulent lifestyle of the royal Rajput courts."
10027,Jaigarh Fort,"Jaipur, Rajasthan",https://upload.wikimedia.org/wikipedia/commons/3/34/Rajasthan-Jaipur-Jaigarh-Fort-compound-Apr-2004-00.JPG,"Jaigarh Fort, perched atop the Aravalli hills near Jaipur, Rajasthan, is a formidable fortress steeped in history and legend. Built by Maharaja Jai Singh II in the 18th century, this majestic citadel served as a military stronghold and treasury for the ruling Kachwaha"
10028,Shalimar Garden,"Srinagar, Jammu and Kashmir",https://upload.wikimedia.org/wikipedia/commons/d/d6/Shalimar_Bagh_1.jpg,"Shalimar Bagh, a Mughal garden in Srinagar, Kashmir, mesmerizes visitors with its terraced lawns, decorative fountains, and stunning views of Dal Lake. Built in the 17th century by Emperor Shah Jahan, this UNESCO World Heritage site offers a serene retreat amidst lush greenery and reflects the grandeur of Mughal landscape architecture."
10029,Khajuraho,"Chatarpur, Madhya Pradesh",https://upload.wikimedia.org/wikipedia/commons/thumb/7/79/Khajuraho5.jpg/275px-Khajuraho5.jpg,"Khajuraho's UNESCO-listed temples are architectural wonders adorned with intricate erotic sculptures. Dating back to the Chandela dynasty, these temples showcase exceptional craftsmanship and provide insights into ancient Indian culture. Visitors can explore the intricately carved facades and marvel at the artistic mastery that has captivated travelers for centuries."
10030,Great Living Chola Temple,"Thanjavur,
Gangaikonda
Cholapuram, and
Darasuram, Tamil
Nadu",https://upload.wikimedia.org/wikipedia/commons/a/af/A_collage_of_Great_living_Chola_temples_UNESCO_heritage_site.jpg,"The Great Living Chola Temples in Tamil Nadu, a UNESCO site, epitomize the architectural brilliance of the Chola dynasty. Dating back to the 11th century, these temples—Brihadeeswarar, Gangaikonda Cholapuram, and Airavatesvara—showcase intricate carvings and grandeur, reflecting the spiritual and cultural prowess of ancient India. Visitors can immerse themselves in history and spirituality amidst these majestic structures."
10031,Chittaurgarh Fort,"Chittorgarh, Rajasthan",https://upload.wikimedia.org/wikipedia/commons/thumb/3/3a/Chittorgarh_fort.JPG/1200px-Chittorgarh_fort.JPG,"Chittorgarh Fort in Rajasthan stands as a symbol of Rajput valor and resilience. Spread over a vast area, this UNESCO World Heritage site features palaces, temples, and reservoirs, narrating tales of honor and sacrifice. Visitors can explore the fort's majestic ramparts, picturesque vistas, and historic landmarks, gaining insights into Rajasthan's rich heritage and the indomitable spirit of its people."
10032,Bishnupur Temples,"Bishnupur, West Bengal",https://upload.wikimedia.org/wikipedia/commons/f/f0/Jod_Bangla_Terracotta_Temple%2C_Bishnupur%2C_West_Bengal.jpg,"Bishnupur's terracotta temples in West Bengal are architectural marvels renowned for their intricate carvings and unique designs. Built by the Malla kings in the 17th and 18th centuries, these temples depict scenes from Hindu mythology and showcase the region's rich cultural heritage. Visitors can admire the craftsmanship of the terracotta artworks and explore the spiritual significance of these sacred shrines, which continue to inspire awe and reverence among devotees and art enthusiasts alike."
10033,BIbi kaMaqbara,"Aurangabad, Maharashtra",https://upload.wikimedia.org/wikipedia/commons/7/78/The_Tomb_of_Dilras_Banu_Begum.jpg,"Bibi ka Maqbara in Aurangabad is a magnificent mausoleum often referred to as the ""Taj of the Deccan."" Built by Emperor Aurangzeb in memory of his wife, this architectural gem features intricate marble inlay work and reflects the grandeur of Mughal design. Visitors can explore the mausoleum's serene surroundings, marvel at its exquisite craftsmanship, and appreciate its historical significance as a symbol of love and devotion."
10034,Warangal Fort,"Warangal, Telegana",https://upload.wikimedia.org/wikipedia/commons/3/31/Warangal_fort.jpg,"Warangal Fort in Telangana, dating back to the Kakatiya dynasty, is a majestic fortress known for its architectural splendor and historical significance. With its imposing gateways, intricate carvings, and grandeur, this fort stands as a testament to the region's rich cultural heritage and military prowess. Visitors can explore the fort's sprawling complex, soak in its panoramic views, and delve into the fascinating history of medieval India."
10035,Suraj Kund,Delhi,https://upload.wikimedia.org/wikipedia/commons/e/ef/Suraj_Kund.jpg,"Suraj Kund in Haryana is an ancient sun temple tank surrounded by temples and step wells, offering a serene pilgrimage site and glimpses into the region's religious heritage. Believed to date back to the Mahabharata era, this sacred tank attracts devotees and tourists alike, who come to pay homage to the sun god and immerse themselves in the spiritual ambiance of this historic site."
10036,Hidimba Devi Temple,"Manali, Himachal Pradesh",https://upload.wikimedia.org/wikipedia/commons/thumb/9/99/Hidimba_Devi_Temple_-_North-east_View_-_Manali_2014-05-11_2648-2649.TIF/lossy-page1-1200px-Hidimba_Devi_Temple_-_North-east_View_-_Manali_2014-05-11_2648-2649.TIF.jpg,"Hidimba Devi Temple in Himachal Pradesh is a serene forest temple dedicated to the goddess Hidimba, known for its unique architecture amidst picturesque natural surroundings. Dating back to the Mahabharata period, this temple features intricately carved wooden facades and is surrounded by towering cedar trees, making it a tranquil retreat for devotees and nature lovers seeking solace amidst the Himalayan wilderness."
10037,Bekal Fort,"Kasaragod, kerala",https://upload.wikimedia.org/wikipedia/commons/d/d1/Bakel_Fort_Beach_Kasaragod7.jpg,"Bekal Fort in Kerala is a historic fortress overlooking the Arabian Sea, featuring stunning views, ramparts, and intricate architecture. Built by the Ikkeri Nayaks in the 17th century, this imposing fort served as a strategic defense outpost and offers visitors a glimpse into Kerala's maritime past. With its serene surroundings and captivating beauty, Bekal Fort is a popular tourist destination and a testament to the region's rich cultural and historical heritage."
10038,Tughlaqabad Fort,Delhi,https://upload.wikimedia.org/wikipedia/commons/8/8c/Ghiyath_aldin_tughluq_tomb.JPG,"Tughlaqabad Fort in Delhi is a medieval citadel known for its massive walls and architectural grandeur, reflecting the power and ambition of the Tughlaq dynasty. Built in the 14th century by Sultan Ghiyas-ud-din Tughlaq, this formidable fortress features imposing gateways, bastions, and underground chambers, offering visitors a glimpse into Delhi's rich historical legacy and the architectural ingenuity of its rulers."
10039,Aurangabad Caves,"Aurangabad, Maharashtra",https://upload.wikimedia.org/wikipedia/commons/b/b4/1_Hinayana_style_Aurangabad_Buddhist_Cave_with_stupa.jpg,"Aurangabad Caves in Maharashtra are ancient Buddhist caves adorned with intricate sculptures and carvings, providing insights into the region's rich cultural and religious heritage. Dating back to the 2nd century BCE, these caves served as monastic retreats and feature elaborate Chaitya halls and Viharas. Visitors can explore the caves' serene surroundings and marvel at their architectural beauty, gaining a deeper understanding of Buddhism's influence in ancient India."
10040,Ranthambore Fort,"Sawai Madhopur, Rajasthan",https://upload.wikimedia.org/wikipedia/commons/5/52/Ranthambhore_Fort.jpg,"Ranthambore Fort in Rajasthan, nestled amidst Ranthambore National Park, is a historic fortification offering panoramic views of the surrounding wilderness and glimpses of wildlife. Built in the 10th century, this majestic fort served as a strategic defense outpost and features temples, palaces, and reservoirs within its sprawling complex. Visitors can explore the fort's architectural marvels, soak in its scenic vistas, and witness the natural wonders of Ranthambore, making it a must-visit destination for history and wildlife enthusiasts alike."
10041,Purana Qila,Delhi,https://upload.wikimedia.org/wikipedia/commons/b/b5/Purana_Qila_ramparts%2C_Delhi.jpg,"Purana Qila in Delhi is an ancient fort with impressive gates, mosques, and Mughal architecture, serving as a testament to the city's rich historical and cultural heritage. Dating back to the 16th century, this imposing fortress features monumental gateways, including the iconic Humayun Gate, and offers visitors a glimpse into Delhi's storied past through its architectural splendor and archaeological treasures."
10042,Golkonda Fort,"Hyderbad, Telangana",https://upload.wikimedia.org/wikipedia/commons/2/28/Forte_di_golconda%2C_vedute_da_est_06.jpg,"Golkonda Fort in Telangana is a majestic fortress known for its acoustic architecture, strategic location, and panoramic views, providing insights into the region's medieval history. Built in the 13th century by the Kakatiya dynasty, this formidable citadel features intricately carved gateways, palaces, and mosques. Visitors can explore the fort's labyrinthine corridors, marvel at its engineering marvels, and enjoy sweeping vistas of the surrounding landscape, making it a captivating destination for history enthusiasts and architecture lovers alike."
10043,Akbar's Tomb,"Sikandra, Uttar Pradesh",https://upload.wikimedia.org/wikipedia/commons/6/60/Akbar%27s_Tomb_in_Sikandra_15.jpg,"Akbar's Tomb in Agra is a grand mausoleum dedicated to Emperor Akbar, showcasing Mughal architecture and serene surroundings amidst lush gardens. Built in the 17th century, this architectural masterpiece features intricate marble inlay work and reflects the grandeur of the Mughal era. Visitors can explore the tomb's expansive gardens, admire its intricate craftsmanship, and pay homage to one of India's greatest rulers, experiencing a sense of tranquility and reverence amidst its"
10044,Kotla Firoz Shah Fort,Delhi,https://upload.wikimedia.org/wikipedia/commons/4/46/Ferozabad_Panorama.jpg,"Kotla Firoz Shah Fort, located in Delhi, is a historic citadel dating back to the 14th century. Constructed by Sultan Firoz Shah Tughlaq, this fort served as a prominent seat of power during the medieval period. Visitors can explore its majestic ruins, including a grand mosque and imposing walls, while soaking in the rich history and architectural splendor of Delhi's bygone era. The fort's tranquil surroundings and archaeological treasures offer a glimpse into the city's storied past and cultural heritage."
10045,Avantisvami Fort,"Srinagar, Jammu and Kashmir",https://upload.wikimedia.org/wikipedia/commons/thumb/3/3c/Avantipura_ruins.JPG/1200px-Avantipura_ruins.JPG,"Avantisvami Fort, situated in Madhya Pradesh, stands as a testament to India's ancient fortification and architectural prowess. Dating back to the 9th century, this fortified complex served as a strategic stronghold during the medieval period. Visitors can marvel at its sturdy walls, bastions, and gateways, which bear witness to the region's military might and cultural heritage. The fort's picturesque setting amidst lush greenery and scenic landscapes provides a serene backdrop for exploring its historic ruins and unraveling the mysteries of ancient India."
10046,Gaurisaga Tank,"Bundi, Rajasthan",https://upload.wikimedia.org/wikipedia/commons/e/e7/Gaurisagar_tank.jpg,"Gaurisagar Tank, located in Assam, is a historic water reservoir built by the Ahom kings in the 18th century. Spanning over vast expanses, this artificial lake served as a vital source of water for irrigation and sustenance. Visitors can admire its scenic beauty, surrounded by temples and lush greenery, and immerse themselves in the tranquility of its serene waters. The tank's architectural marvels and cultural significance offer insights into Assam's rich heritage and the engineering ingenuity of its ancient rulers."
10047,Rani Mahal,"Jhansi, Uttar Pradesh",https://upload.wikimedia.org/wikipedia/commons/b/b5/Rani_Mahal%2C_a_royal_palace_in_the_city_of_Jhansi%2C_Uttar_Pradesh_23.jpg,"Rani Mahal, nestled in the scenic landscapes of Nepal, is a splendid palace showcasing the architectural grandeur of the Newari dynasty. Dating back to the 19th century, this heritage palace served as a royal residence for queens and noblewomen. Visitors can explore its ornate facades, intricately carved pillars, and opulent interiors, which reflect the artistic finesse and cultural richness of Nepal's royal heritage. The palace's picturesque setting amidst verdant valleys and majestic mountains offers a glimpse into the country's majestic past and regal splendor."
10048,Daulatabad Fort,"Aurangabad, Maharashtra",https://upload.wikimedia.org/wikipedia/commons/3/33/Daulatabad_Fort_a_view.JPG,"Daulatabad Fort, located in Maharashtra, is a medieval citadel perched atop a hill overlooking the Aurangabad region. Built by the Yadava dynasty in the 12th century, this impregnable fortress served as a formidable defense outpost. Visitors can ascend its steep ramparts, traverse its intricate passageways, and marvel at its architectural marvels, including the towering Chand Minar and ancient temples. The fort's strategic location and panoramic views offer a captivating journey through Maharashtra's history, highlighting its military prowess and cultural heritage."
10049,Jageshwar Temple,"Almora, Uttarakhand",https://upload.wikimedia.org/wikipedia/commons/thumb/e/e1/Jageshwar_Mandir.jpg/220px-Jageshwar_Mandir.jpg,"Jageshwar Temple, nestled in the serene forests of Uttarakhand, is a cluster of ancient Hindu temples dedicated to Lord Shiva. Dating back to the 9th to 13th centuries, these temples feature exquisite architecture and intricate stone carvings. Visitors can immerse themselves in the spiritual ambiance of this sacred site, surrounded by towering deodar trees and the gurgling streams of the Himalayas. The temple complex's tranquil atmosphere and religious significance make it a popular pilgrimage destination and a haven for devotees seeking solace and divine blessings amidst nature's pristine beauty."